{"intercept_": [0.026566605584930937, -0.043947591124778716, 0.017380985539848008], "coef_": [[-0.05636165581042544, 0.08890757076922316, 0.010568239688302155], [0.09551503781614976, 0.030096671407138738, 0.07761934317263144], [-0.03915338200572453, -0.11900424217636173, -0.08818758286093364]]}
